--USERS

INSERT INTO public.users 
(user_id, phone, sex, email, firstname, lastname, age) 
VALUES('4', '05404444444 ', 'F', '4@mail.com', 'AZRA', 'AKMAN', 25);

INSERT INTO public.users
(user_id, phone, sex, email, firstname, lastname, age)
VALUES('1', '05102222222 ', 'F', 's1@mail.com', 'SEDA', 'ARTAN', 37);

INSERT INTO public.users
(user_id, phone, sex, email, firstname, lastname, age)
VALUES('2', '05202222222 ', 'M', 's2@mail.com', 'AHMET', 'ARI', 41);

INSERT INTO public.users 
(user_id, phone, sex, email, firstname, lastname, age) 
VALUES('3', '05303333333 ', 'M', 's3@mail.com', 'EKREM', 'DONUK', 36);

INSERT INTO public.users 
(user_id, phone, sex, email, firstname, lastname, age)
VALUES('5', '05505555555 ', 'M', '5@mail.com', 'ALİ', 'KAYGIN', 46);

INSERT INTO public.users
(user_id, phone, sex, email, firstname, lastname, age) 
VALUES('6', '05606666666 ', 'F', '6@mail.com', 'AYŞE', 'KARTAL', 22);

INSERT INTO public.users
(user_id, phone, sex, email, firstname, lastname, age)
VALUES('7', '05707777777 ', 'F', '7@mail.com', 'ZEYNEP', 'GÜMÜŞ', 26);

INSERT INTO public.users
(user_id, phone, sex, email, firstname, lastname, age)
VALUES('8', '05808888888 ', 'M', '8@mail.com', 'ONUR', 'BEKTAŞ', 19);

INSERT INTO public.users 
(user_id, phone, sex, email, firstname, lastname, age)
VALUES('9', '05909999999 ', 'M', '9@mail.com', 'AKIN', 'ÖZKAN', 25);

INSERT INTO public.users 
(user_id, phone, sex, email, firstname, lastname, age)
VALUES('10', '05109844512 ', 'F', '10@mail.com', 'FATMA', 'ERTAN', 28);


INSERT INTO public.users
(user_id, phone, sex, email, firstname, lastname, age)
VALUES('11', '5353959815', 'M', '11@gmail.com', 'MURAT', 'ÜNALIR', 40);

INSERT INTO public.users
(user_id, phone, sex, email, firstname, lastname, age)
VALUES('12', '5343986512', 'M', '12@gmail.com', 'OSMAN', 'ÜNALIR', 35);

INSERT INTO public.users
(user_id, phone, sex, email, firstname, lastname, age)
VALUES('13', '5303986514', 'M', '13@gmail.com', 'BİROL', 'DENİZ', 55);

INSERT INTO public.users
(user_id, phone, sex, email, firstname, lastname, age)
VALUES('14', '5313986515', 'F', '14@gmail.com', 'DENİZ', 'AK', 18);

INSERT INTO public.users
(user_id, phone, sex, email, firstname, lastname, age)
VALUES('15', '5383986516', 'F', '15@gmail.com', 'EMİNE', 'AK', 20);

INSERT INTO public.users
(user_id, phone, sex, email, firstname, lastname, age)
VALUES('16', '5333986517', 'F', '16@gmail.com', 'ELİF', 'DENİZ', 21);

INSERT INTO public.users
(user_id, phone, sex, email, firstname, lastname, age)
VALUES('17', '5341986518', 'F', '17@gmail.com', 'HAZAL', 'DEMİR', 28);

INSERT INTO public.users
(user_id, phone, sex, email, firstname, lastname, age)
VALUES('18', '5443916519', 'F', '18@gmail.com', 'ECEM', 'KIRMIZI', 27);

INSERT INTO public.users
(user_id, phone, sex, email, firstname, lastname, age)
VALUES('19', '5443986520', 'F', '19@gmail.com', 'ELİF', 'AK', 23);

INSERT INTO public.users
(user_id, phone, sex, email, firstname, lastname, age)
VALUES('20', '5453959815', 'M', '20@gmail.com', 'ÖZGÜR', 'GÜMÜŞ', 45);

INSERT INTO public.users
(user_id, phone, sex, email, firstname, lastname, age)
VALUES('21', '5443986512', 'M', '21@gmail.com', 'SAVAŞ', 'GÜMÜŞ', 30);

INSERT INTO public.users
(user_id, phone, sex, email, firstname, lastname, age)
VALUES('22', '5403986514', 'M', '22@gmail.com', 'MERT', 'ALİ', 24);

INSERT INTO public.users
(user_id, phone, sex, email, firstname, lastname, age)
VALUES('23', '5413986515', 'F', '23@gmail.com', 'DİCLE', 'EREN', 21);

INSERT INTO public.users
(user_id, phone, sex, email, firstname, lastname, age)
VALUES('24', '5483986516', 'F', '24@gmail.com', 'SİDAL', 'EREN', 25);

INSERT INTO public.users
(user_id, phone, sex, email, firstname, lastname, age)
VALUES('25', '5333586517', 'F', '25@gmail.com', 'NAZ', 'UÇAR', 29);

INSERT INTO public.users
(user_id, phone, sex, email, firstname, lastname, age)
VALUES('26', '5341985518', 'F', '26@gmail.com', 'DENİZ', 'KOÇAK', 19);

INSERT INTO public.users
(user_id, phone, sex, email, firstname, lastname, age)
VALUES('27', '5443917519', 'F', '27@gmail.com', 'ECEM', 'SARI', 32);

INSERT INTO public.users
(user_id, phone, sex, email, firstname, lastname, age)
VALUES('28', '5443986520', 'F', '28@gmail.com', 'ELİF', 'AL', 20);

INSERT INTO public.users
(user_id, phone, sex, email, firstname, lastname, age)
VALUES('29', '5433986517', 'M', '29@gmail.com', 'ONUR', 'ÇILĞIN', 29);

INSERT INTO public.users
(user_id, phone, sex, email, firstname, lastname, age)
VALUES('30', '5441986518', 'F', '30@gmail.com', 'DENİZ', 'ÇILĞIN', 19);

INSERT INTO public.users
(user_id, phone, sex, email, firstname, lastname, age)
VALUES('28', '5443986620', 'F', '28@gmail.com', 'ELİF', 'AL', 20);

INSERT INTO public.users
(user_id, phone, sex, email, firstname, lastname, age)
VALUES('29', '5433986517', 'M', '29@gmail.com', 'ONUR', 'ÇILĞIN', 29);

INSERT INTO public.users
(user_id, phone, sex, email, firstname, lastname, age)
VALUES('30', '5441986518', 'F', '30@gmail.com', 'DENİZ', 'ÇILĞIN', 19);

INSERT INTO public.users 
(user_id, phone, sex, email, firstname, lastname, age)
VALUES('31', '05201258579 ', 'F', '31@mail.com', 'SELDA', 'BABAYİĞİT', 32);

INSERT INTO public.users
(user_id, phone, sex, email, firstname, lastname, age)
VALUES('32', '05201203258 ', 'M', '32@mail.com', 'TUNCAY', 'ER', 45);

INSERT INTO public.users 
(user_id, phone, sex, email, firstname, lastname, age) 
VALUES('33', '05980989645 ', 'F', '33@mail.com', 'ASİYE', 'AYDIN', 51);

INSERT INTO public.users 
(user_id, phone, sex, email, firstname, lastname, age)
VALUES('34', '05259714512 ', 'M', '34@mail.com', 'SELMAN', 'ÜLKER', 38);

INSERT INTO public.users 
(user_id, phone, sex, email, firstname, lastname, age) 
VALUES('35', '05959754530 ', 'M', '35@mail.com', 'OSMAN', 'UÇAR', 39);

INSERT INTO public.users 
(user_id, phone, sex, email, firstname, lastname, age) 
VALUES('36', '05789764517 ', 'M', '36@mail.com', 'AHMET', 'ÇİFTÇİ', 42);

INSERT INTO public.users 
(user_id, phone, sex, email, firstname, lastname, age) 
VALUES('37', '05238935452 ', 'M', '37@mail.com', 'TAHİR', 'ALTIN', 39);

INSERT INTO public.users 
(user_id, phone, sex, email, firstname, lastname, age) 
VALUES('38', '04975694120 ', 'M', '38@mail.com', 'HÜSEYİN', 'AĞAOĞLU', 32);

INSERT INTO public.users 
(user_id, phone, sex, email, firstname, lastname, age)
VALUES('39', '05983215452 ', 'M', '39@mail.com', 'SELAMİ', 'YETERGE', 38);

INSERT INTO public.users 
(user_id, phone, sex, email, firstname, lastname, age)
VALUES('40', '05564185563 ', 'M', '40@mail.com', 'FURKAN', 'BAŞAR', 31);

---------------------------------------------------------------------------------------------------

--COMPANY

INSERT INTO public.company
(company_id, company_name, country, city)
VALUES('C8', 'BOSCH', 'DE', 'BERLIN');

INSERT INTO public.company 
(company_id, company_name, country, city)
VALUES('C9', 'INTEL', 'USA', 'CALIFORNIA');

INSERT INTO public.company
(company_id, company_name, country, city)
VALUES('C10', 'AMAZON', 'USA', 'SANFRANCISCO');

INSERT INTO public.company
(company_id, company_name, country, city)
VALUES('C11', 'GOOGLE', 'USA', 'CALIFORNIA');

INSERT INTO public.company
(company_id, company_name, country, city)
VALUES('C1', 'ASELSAN', 'TR', 'ANKARA');

INSERT INTO public.company
(company_id, company_name, country, city)
VALUES('C2', 'HAVELSAN', 'TR', 'ANKARA');

INSERT INTO public.company
(company_id, company_name, country, city)
VALUES('C3', 'VESTEL', 'TR', 'MANİSA');

INSERT INTO public.company
(company_id, company_name, country, city)
VALUES('C4', 'ARÇELİK', 'TR', 'ESKİŞEHİR');

INSERT INTO public.company
(company_id, company_name, country, city)
VALUES('C5', 'TOFAŞ', 'TR', 'BURSA');

INSERT INTO public.company 
(company_id, company_name, country, city)
VALUES('C6', 'ŞİŞECAM', 'TR', 'İSTANBUL');

INSERT INTO public.company
(company_id, company_name, country, city)
VALUES('C7', 'LOGO', 'TR', 'İSTABUL');

-------------------------------------------------------------------------------------------------
--Post

INSERT INTO public.post(
    post_id, content, post_time, shared_id)
    VALUES ('p1', 'Tüm öğrencilere sınavlarında başarılar dilerim', '2022-01-14', '11');

INSERT INTO public.post(
    post_id, content, post_time, shared_id)
    VALUES ('p2', 'Halen proje ile uğraşan öğrencilerimize başarılar diliyorum.', '2022-01-15', '11');

INSERT INTO public.post(
    post_id, content, post_time, shared_id)
    VALUES ('p3', 'Yazılım grubumuza bekleriz', '2022-01-19', '7');

INSERT INTO public.post(
    post_id, content, post_time, shared_id)
    VALUES ('p4', 'Game Jam #4 için çizdiğim banner', '2022-01-17', '10');

INSERT INTO public.post(
    post_id, content, post_time, shared_id)
    VALUES ('p5', 'Türkiye nin en çok katılımcı alan jami Game Jam #4; 18-21 Şubat tarihleri arasında olacak! ', '2021-12-22', '13');

INSERT INTO public.post(
    post_id, content, post_time, shared_id)
    VALUES ('p6', 'Ulusal Yazılım Fuarından kareler', '2022-01-04', '16');

INSERT INTO public.post(
    post_id, content, post_time, shared_id)
    VALUES ('p7', 'Eskiden mühendislik okumak ...', '2022-01-06', '19');

INSERT INTO public.post(
    post_id, content, post_time, shared_id)
    VALUES ('p8', 'Yeni bir işe başladım', '2021-12-11', '23');

INSERT INTO public.post(
    post_id, content, post_time, shared_id)
    VALUES ('p9', 'Yeni bir dil sertifikası aldım', '2022-02-01', '27');

INSERT INTO public.post(
    post_id, content, post_time, shared_id)
    VALUES ('p10', 'Eğitim programımız', '2022-01-03', '30');
   
-------------------------------------------------------------------------------------------------
--University

INSERT INTO public.university
(names, adress)
VALUES('EGE', 'BORNOVA/İZMİR');

INSERT INTO public.university
(names, adress)
VALUES('YAŞAR', 'BÖLGE/İZMİR');

INSERT INTO public.university
(names, adress)
VALUES('DEU', 'TINAZTEPE/İZMİR');

--------------------------------------------------------------------------------------------------

--Department

INSERT INTO public.department
(dep_id, dname, uni_name)
VALUES('d1', 'BİLMUH', 'EGE');

INSERT INTO public.department
(dep_id, dname, uni_name)
VALUES('d2', 'TEKSTİLMUH', 'EGE');

INSERT INTO public.department
(dep_id, dname, uni_name)
VALUES('d3', 'ELEKMUH', 'EGE');

INSERT INTO public.department
(dep_id, dname, uni_name)
VALUES('d4', 'İNŞAATMUH', 'EGE');


INSERT INTO public.department
(dep_id, dname, uni_name)
VALUES('d5', 'BİLMUH', 'YAŞAR');

INSERT INTO public.department
(dep_id, dname, uni_name)
VALUES('d6', 'TEKSTİLMUH', 'YAŞAR');

INSERT INTO public.department
(dep_id, dname, uni_name)
VALUES('d7', 'ELEKMUH', 'YAŞAR');


INSERT INTO public.department
(dep_id, dname, uni_name)
VALUES('d8', 'İNŞAATMUH', 'YAŞAR');

INSERT INTO public.department
(dep_id, dname, uni_name)
VALUES('d9', 'BİLMUH', 'DEU');

INSERT INTO public.department
(dep_id, dname, uni_name)
VALUES('d10', 'TEKSTİLMUH', 'DEU');

INSERT INTO public.department
(dep_id, dname, uni_name)
VALUES('d11', 'ELEKMUH', 'DEU');


INSERT INTO public.department
(dep_id, dname, uni_name)
VALUES('d12', 'İNŞAATMUH', 'DEU');



-------------------------------------------------------------------------------------------------------

-- Job

INSERT INTO public.job
(company_id, job_name, job_type)
VALUES('C1', 'FULL STACK DEVELOPER', 'full-time');

INSERT INTO public.job
(company_id, job_name, job_type)
VALUES('C1', 'SOFWARE ENGINEER', 'intern');

INSERT INTO public.job
(company_id, job_name, job_type)
VALUES('C1', 'DATA SCIENTIST', 'part-time');

INSERT INTO public.job
(company_id, job_name, job_type)
VALUES('C3', 'BACKEND DEVELOPER', 'full-time');

INSERT INTO public.job
(company_id, job_name, job_type)
VALUES('C4', 'FRONTEND DEVELOPER', 'full-time');

INSERT INTO public.job
(company_id, job_name, job_type)
VALUES('C2', 'FULL STACK DEVELOPER', 'intern');

INSERT INTO public.job
(company_id, job_name, job_type)
VALUES('C3', 'DATA SCIENTIST', 'part-time');
---------------------------------------------------------------------------------------------------------
INSERT INTO public.employee(
    emp_id, start_date, role, company_id)
    VALUES ('16', '1990-01-12', 'Software Engineer', 'C1');

INSERT INTO public.employee(
    emp_id, start_date, role, company_id)
    VALUES ('17', '1990-05-20', 'Software Engineer', 'C2');

INSERT INTO public.employee(
    emp_id, start_date, role, company_id)
    VALUES ('18', '1995-01-05', 'Full Stack Developer', 'C3');

INSERT INTO public.employee(
    emp_id, start_date, role, company_id)
    VALUES ('19', '1993-06-04', 'Full Stack Developer', 'C4');

INSERT INTO public.employee(
    emp_id, start_date, role, company_id)
    VALUES ('20', '1990-08-22', 'Back-end Developer', 'C5');

INSERT INTO public.employee(
    emp_id, start_date, role, company_id)
    VALUES ('21', '1997-03-19', 'Back-end Developer', 'C6');

INSERT INTO public.employee(
    emp_id, start_date, role, company_id)
    VALUES ('22', '1994-09-03','Back-end Developer' , 'C7');

INSERT INTO public.employee(
    emp_id, start_date, role, company_id)
    VALUES ('23', '1999-07-16', 'Data Scientist', 'C8');

INSERT INTO public.employee(
    emp_id, start_date, role, company_id)
    VALUES ('24', '1990-08-26', 'Data Scientist', 'C9');

INSERT INTO public.employee(
    emp_id, start_date, role, company_id)
    VALUES ('25', '1995-07-15', 'Data Scientist', 'C10');

INSERT INTO public.employee(
    emp_id, start_date, role, company_id)
    VALUES ('26', '1996-10-18', 'Data Scientist', 'C11');
   
  ------------------------------------------------------------------------------------
   
   -- Instructor
   
  INSERT INTO public.instructor
(instructor_id, dep_id)
VALUES('1', 'd1');

INSERT INTO public.instructor
(instructor_id, dep_id)
VALUES('2', 'd2');

INSERT INTO public.instructor
(instructor_id, dep_id)
VALUES('3', 'd3');

INSERT INTO public.instructor
(instructor_id, dep_id)
VALUES('4', 'd4');

INSERT INTO public.instructor
(instructor_id, dep_id)
VALUES('5', 'd5');

INSERT INTO public.instructor
(instructor_id, dep_id)
VALUES('6', 'd6');

INSERT INTO public.instructor
(instructor_id, dep_id)
VALUES('7', 'd7');

INSERT INTO public.instructor
(instructor_id, dep_id)
VALUES('8', 'd8');

INSERT INTO public.instructor
(instructor_id, dep_id)
VALUES('9', 'd9');

INSERT INTO public.instructor
(instructor_id, dep_id)
VALUES('10', 'd10');

INSERT INTO public.instructor
(instructor_id, dep_id)
VALUES('11', 'd11');

INSERT INTO public.instructor
(instructor_id, dep_id)
VALUES('12', 'd12');

INSERT INTO public.instructor
(instructor_id, dep_id)
VALUES('13', 'd9');

INSERT INTO public.instructor
(instructor_id, dep_id)
VALUES('14', 'd5');

INSERT INTO public.instructor
(instructor_id, dep_id)
VALUES('15', 'd3');

-------------------------------------------------

--community

INSERT INTO public.community
(community_id, community_name, creator_id)
VALUES('gr1', 'Data Miners', '4');

INSERT INTO public.community
(community_id, community_name, creator_id)
VALUES('gr2', 'Complex Processors', '10');

INSERT INTO public.community
(community_id, community_name, creator_id)
VALUES('gr3', 'File Systems', '33');

INSERT INTO public.community
(community_id, community_name, creator_id)
VALUES('gr4', 'HTMLites', '31');

INSERT INTO public.community
(community_id, community_name, creator_id)
VALUES('gr5', 'Invalid Markup ', '35');


-----------------------------------------------------

--Student

INSERT INTO public.student
(student_id, student_number, advisor_id, dep_id, taken_credit)
VALUES('27', '05190000001', '1', 'd1', 0);

INSERT INTO public.student
(student_id, student_number, advisor_id, dep_id, taken_credit)
VALUES('28', '05190000002', '2', 'd2', 0);

INSERT INTO public.student
(student_id, student_number, advisor_id, dep_id, taken_credit)
VALUES('29', '05190000003', '3', 'd3', 0);

INSERT INTO public.student
(student_id, student_number, advisor_id, dep_id, taken_credit)
VALUES('30', '05190000004', '4', 'd4', 0);

INSERT INTO public.student
(student_id, student_number, advisor_id, dep_id, taken_credit)
VALUES('31', '06190000001', '5', 'd5', 0);

INSERT INTO public.student
(student_id, student_number, advisor_id, dep_id, taken_credit)
VALUES('32', '06190000002', '6', 'd6', 0);

INSERT INTO public.student
(student_id, student_number, advisor_id, dep_id, taken_credit)
VALUES('33', '06190000003', '7', 'd7', 0);

INSERT INTO public.student
(student_id, student_number, advisor_id, dep_id, taken_credit)
VALUES('34', '06190000004', '8', 'd8', 0);

INSERT INTO public.student
(student_id, student_number, advisor_id, dep_id, taken_credit)
VALUES('35', '07190000001', '9', 'd9', 0);

INSERT INTO public.student
(student_id, student_number, advisor_id, dep_id, taken_credit)
VALUES('36', '07190000002', '10', 'd10', 0);

INSERT INTO public.student
(student_id, student_number, advisor_id, dep_id, taken_credit)
VALUES('37', '07190000003', '11', 'd11', 0);

INSERT INTO public.student
(student_id, student_number, advisor_id, dep_id, taken_credit)
VALUES('38', '07190000004', '12', 'd12', 0);

INSERT INTO public.student
(student_id, student_number, advisor_id, dep_id, taken_credit)
VALUES('39', '05190000005', '2', 'd2', 0);

INSERT INTO public.student
(student_id, student_number, advisor_id, dep_id, taken_credit)
VALUES('40', '05190000006', '3', 'd3', 0);

---------------------------------------------------------------------------------------

--Course

INSERT INTO public.course
(course_code, names, credit, department_id)
VALUES('co1', 'FİZİK', 7, 'd1');

INSERT INTO public.course
(course_code, names, credit, department_id)
VALUES('co2', 'KİMYA', 8, 'd1');

INSERT INTO public.course
(course_code, names, credit, department_id)
VALUES('co3', 'FİZİK', 10, 'd2');

INSERT INTO public.course
(course_code, names, credit, department_id)
VALUES('co4', 'İŞ SAĞLIĞI', 2, 'd2');

INSERT INTO public.course
(course_code, names, credit, department_id)
VALUES('co5', 'FİZİK', 11, 'd3');

INSERT INTO public.course
(course_code, names, credit, department_id)
VALUES('co6', 'BİYOLOJİ', 5, 'd3');

INSERT INTO public.course
(course_code, names, credit, department_id)
VALUES('co7', 'FİZİK', 9, 'd4');

INSERT INTO public.course
(course_code, names, credit, department_id)
VALUES('co8', 'CALCULUS', 12, 'd4');

INSERT INTO public.course
(course_code, names, credit, department_id)
VALUES('co9', 'CALCULUS', 12, 'd5');

INSERT INTO public.course
(course_code, names, credit, department_id)
VALUES('co10', 'BİYOLOJİ', 5, 'd5');

INSERT INTO public.course
(course_code, names, credit, department_id)
VALUES('co11', 'CALCULUS', 6, 'd6');

INSERT INTO public.course
(course_code, names, credit, department_id)
VALUES('co12', 'KİMYA', 10, 'd6');

INSERT INTO public.course
(course_code, names, credit, department_id)
VALUES('co13', 'BİYOLOJİ', 8, 'd7');

INSERT INTO public.course
(course_code, names, credit, department_id)
VALUES('co14', 'KİMYA', 9, 'd7');

INSERT INTO public.course
(course_code, names, credit, department_id)
VALUES('co15', 'KİMYA', 4, 'd8');

INSERT INTO public.course
(course_code, names, credit, department_id)
VALUES('co16', 'CALCULUS',12, 'd8');

INSERT INTO public.course
(course_code, names, credit, department_id)
VALUES('co17', 'İŞ SAĞLIĞI',3, 'd9');

INSERT INTO public.course
(course_code, names, credit, department_id)
VALUES('co18', 'FİZİK',9, 'd9');
INSERT INTO public.course
(course_code, names, credit, department_id)
VALUES('co19', 'İŞ SAĞLIĞI', 3, 'd10');

INSERT INTO public.course
(course_code, names, credit, department_id)
VALUES('co20', 'BİYOLOJİ', 4, 'd10');

INSERT INTO public.course
(course_code, names, credit, department_id)
VALUES('co21', 'STAJ', 35, 'd11');

INSERT INTO public.course
(course_code, names, credit, department_id)
VALUES('co22', 'CALCULUS', 7, 'd11');

INSERT INTO public.course
(course_code, names, credit, department_id)
VALUES('co23', 'BİYOLOJİ', 7, 'd12');

INSERT INTO public.course
(course_code, names, credit, department_id)
VALUES('co24', 'KİMYA', 7, 'd12');

--------------------------------------------------------------

--Admins

INSERT INTO public.admins
(user_id, company_id)
VALUES('16', 'C1');

INSERT INTO public.admins
(user_id, company_id)
VALUES('20', 'C5');

INSERT INTO public.admins
(user_id, company_id)
VALUES('39', 'C3');

INSERT INTO public.admins
(user_id, company_id)
VALUES('34', 'C6');

INSERT INTO public.admins
(user_id, company_id)
VALUES('7', 'C7');

------------------------------------------------------------------

--Project

INSERT INTO public.project
(project_id, deadline, names, course_code)
VALUES('p1', '2022-03-01', 'METALLER', 'co1');

INSERT INTO public.project
(project_id, deadline, names, course_code)
VALUES('p2', '2022-03-07', 'ASİT BAZ', 'co2');

INSERT INTO public.project
(project_id, deadline, names, course_code)
VALUES('p3', '2022-04-01', 'POTANSİYEL ENERJİ', 'co5');

INSERT INTO public.project
(project_id, deadline, names, course_code)
VALUES('p4', '2022-05-02', 'DİFERANSİYEL', 'co8');

INSERT INTO public.project
(project_id, deadline, names, course_code)
VALUES('p5', '2022-05-09', 'LHOSPİTAL', 'co9');

-------------------------------------------------------------------

--JOIN_community

INSERT INTO public.join_community(
    user_id, community_id)
    VALUES ('15', 'gr1');

INSERT INTO public.join_community(
    user_id, community_id)
    VALUES ('25', 'gr2');

INSERT INTO public.join_community(
    user_id, community_id)
    VALUES ('18', 'gr3');

INSERT INTO public.join_community(
    user_id, community_id)
    VALUES ('24', 'gr4');

INSERT INTO public.join_community(
    user_id, community_id)
    VALUES ('36', 'gr5');

INSERT INTO public.join_community(
    user_id, community_id)
    VALUES ('20', 'gr1');

INSERT INTO public.join_community(
    user_id, community_id)
    VALUES ('14', 'gr2');

INSERT INTO public.join_community(
    user_id, community_id)
    VALUES ('32', 'gr3');

INSERT INTO public.join_community(
    user_id, community_id)
    VALUES ('30', 'gr4');

INSERT INTO public.join_community(
    user_id, community_id)
    VALUES ('39', 'gr5');
   
-------------------------------------------------------------------
   
   --Events
   
 INSERT INTO public.events
(event_id, event_name, event_time, creator_id, maximum_participant)
VALUES('ev1', 'Özgür Yazılım Linux Günleri', '02/03/2022', '1',300);

INSERT INTO public.events
(event_id, event_name, event_time, creator_id, maximum_participant)
VALUES('ev2', 'Java Day Istanbul', '02/05/2022', '5',250);

INSERT INTO public.events
(event_id, event_name, event_time, creator_id, maximum_participant)
VALUES('ev3', 'Developer Summit İstanbul', '20/06/2022', '35',125);

INSERT INTO public.events
(event_id, event_name, event_time, creator_id, maximum_participant)
VALUES('ev4', 'SHIELD Siber Güvenlik Konferansı', '16/06/2022', '34', 200);

INSERT INTO public.events
(event_id, event_name, event_time, creator_id, maximum_participant)
VALUES('ev5', 'Data Center Türkiye', '16/05/2022', '10', 100);

UPDATE public.student
SET  taken_credit=25
WHERE student_id='40';

----------------------------------------------------------------------

--ENROLL Course 

INSERT INTO public.enroll_course
(course_code, student_id)
VALUES('co2', '27');

INSERT INTO public.enroll_course
(course_code, student_id)
VALUES('co4', '28');

INSERT INTO public.enroll_course
(course_code, student_id)
VALUES('co5', '29');

INSERT INTO public.enroll_course
(course_code, student_id)
VALUES('co8', '30');

INSERT INTO public.enroll_course
(course_code, student_id)
VALUES('co9', '31');

INSERT INTO public.enroll_course
(course_code, student_id)
VALUES('co11', '32');

INSERT INTO public.enroll_course
(course_code, student_id)
VALUES('co13', '33');

INSERT INTO public.enroll_course
(course_code, student_id)
VALUES('co16', '34');

--------------------------------------------------------------------------

--Give Course 

INSERT INTO public.give_course
(ins_id, course_code)
VALUES('1', 'co1');

INSERT INTO public.give_course
(ins_id, course_code)
VALUES('1', 'co2');

INSERT INTO public.give_course
(ins_id, course_code)
VALUES('2', 'co3');

INSERT INTO public.give_course
(ins_id, course_code)
VALUES('2', 'co4');

INSERT INTO public.give_course
(ins_id, course_code)
VALUES('3', 'co5');

INSERT INTO public.give_course
(ins_id, course_code)
VALUES('3', 'co6');

INSERT INTO public.give_course
(ins_id, course_code)
VALUES('4', 'co7');

INSERT INTO public.give_course
(ins_id, course_code)
VALUES('4', 'co8');

INSERT INTO public.give_course
(ins_id, course_code)
VALUES('5', 'co9');

INSERT INTO public.give_course
(ins_id, course_code)
VALUES('5', 'co10');

--------------------------------------------------------------------

--Upload_project

INSERT INTO public.upload_project
(project_id, ins_id)
VALUES('p1', '1');

INSERT INTO public.upload_project
(project_id, ins_id)
VALUES('p2', '1');

INSERT INTO public.upload_project
(project_id, ins_id)
VALUES('p3', '3');

INSERT INTO public.upload_project
(project_id, ins_id)
VALUES('p4', '4');

INSERT INTO public.upload_project
(project_id, ins_id)
VALUES('p5', '5');

---------------------------------------------------------------------

--Enroll_event

INSERT INTO public.enroll_event
(user_id, event_id)
VALUES('3', 'ev2');

INSERT INTO public.enroll_event
(user_id, event_id)
VALUES('5', 'ev2');

INSERT INTO public.enroll_event
(user_id, event_id)
VALUES('6', 'ev1');

INSERT INTO public.enroll_event
(user_id, event_id)
VALUES('7', 'ev1');

INSERT INTO public.enroll_event
(user_id, event_id)
VALUES('8', 'ev1');

INSERT INTO public.enroll_event
(user_id, event_id)
VALUES('10', 'ev3');

--------------------------------------------------------------------------

--take_project

INSERT INTO public.takeproject
(project_id, student_id)
VALUES('p2', '27');

INSERT INTO public.takeproject
(project_id, student_id)
VALUES('p4', '30');


INSERT INTO public.takeproject
(project_id, student_id)
VALUES('p5', '31');

---------------------------------------------------------------------------

--Follow

INSERT INTO public.follow
(follower, follower_by)
VALUES('1', '2');

INSERT INTO public.follow
(follower, follower_by)
VALUES('1', '3');


INSERT INTO public.follow
(follower, follower_by)
VALUES('1', '4');


INSERT INTO public.follow
(follower, follower_by)
VALUES('1', '5');


INSERT INTO public.follow
(follower, follower_by)
VALUES('1', '10');



INSERT INTO public.follow
(follower, follower_by)
VALUES('1', '15');


INSERT INTO public.follow
(follower, follower_by)
VALUES('2', '9');


INSERT INTO public.follow
(follower, follower_by)
VALUES('2', '11');


INSERT INTO public.follow
(follower, follower_by)
VALUES('2', '14');

INSERT INTO public.follow
(follower, follower_by)
VALUES('2', '15');



INSERT INTO public.follow
(follower, follower_by)
VALUES('8', '9');


INSERT INTO public.follow
(follower, follower_by)
VALUES('8', '4');



INSERT INTO public.follow
(follower, follower_by)
VALUES('8', '20');


INSERT INTO public.follow
(follower, follower_by)
VALUES('8', '21');



INSERT INTO public.follow
(follower, follower_by)
VALUES('8', '22');


INSERT INTO public.follow
(follower, follower_by)
VALUES('8', '23');



INSERT INTO public.follow
(follower, follower_by)
VALUES('11', '12');

INSERT INTO public.follow
(follower, follower_by)
VALUES('11', '13');

INSERT INTO public.follow
(follower, follower_by)
VALUES('11', '14');


INSERT INTO public.follow
(follower, follower_by)
VALUES('11', '15');


INSERT INTO public.follow
(follower, follower_by)
VALUES('11', '16');


INSERT INTO public.follow
(follower, follower_by)
VALUES('11', '17');



INSERT INTO public.follow
(follower, follower_by)
VALUES('20', '21');


INSERT INTO public.follow
(follower, follower_by)
VALUES('20', '22');


INSERT INTO public.follow
(follower, follower_by)
VALUES('20', '27');


INSERT INTO public.follow
(follower, follower_by)
VALUES('20', '28');

INSERT INTO public.follow
(follower, follower_by)
VALUES('20', '29');



INSERT INTO public.follow
(follower, follower_by)
VALUES('20', '14');


INSERT INTO public.follow
(follower, follower_by)
VALUES('30', '15');



INSERT INTO public.follow
(follower, follower_by)
VALUES('30', '21');


INSERT INTO public.follow
(follower, follower_by)
VALUES('30', '22');



INSERT INTO public.follow
(follower, follower_by)
VALUES('30', '23');


INSERT INTO public.follow
(follower, follower_by)
VALUES('30', '24');



INSERT INTO public.follow
(follower, follower_by)
VALUES('31', '25');

----------------------------------------------------------------------

--Connects

INSERT INTO public.connects
(connector_id, connect_by_id)
VALUES('1', '2');
INSERT INTO public.connects
(connector_id, connect_by_id)
VALUES('1', '3');
INSERT INTO public.connects
(connector_id, connect_by_id)
VALUES('1', '4');
INSERT INTO public.connects
(connector_id, connect_by_id)
VALUES('1', '5');
INSERT INTO public.connects
(connector_id, connect_by_id)
VALUES('1', '6');
INSERT INTO public.connects
(connector_id, connect_by_id)
VALUES('1', '7');
INSERT INTO public.connects
(connector_id, connect_by_id)
VALUES('1', '8');
INSERT INTO public.connects
(connector_id, connect_by_id)
VALUES('1', '9');
INSERT INTO public.connects
(connector_id, connect_by_id)
VALUES('1', '10');
INSERT INTO public.connects
(connector_id, connect_by_id)
VALUES('1', '11');
INSERT INTO public.connects
(connector_id, connect_by_id)
VALUES('1', '12');

INSERT INTO public.connects
(connector_id, connect_by_id)
VALUES('3', '2');
INSERT INTO public.connects
(connector_id, connect_by_id)
VALUES('4', '3');
INSERT INTO public.connects
(connector_id, connect_by_id)
VALUES('5', '4');
INSERT INTO public.connects
(connector_id, connect_by_id)
VALUES('6', '5');
INSERT INTO public.connects
(connector_id, connect_by_id)
VALUES('3', '6');
INSERT INTO public.connects
(connector_id, connect_by_id)
VALUES('6', '7');
INSERT INTO public.connects
(connector_id, connect_by_id)
VALUES('6', '8');
INSERT INTO public.connects
(connector_id, connect_by_id)
VALUES('6', '9');
INSERT INTO public.connects
(connector_id, connect_by_id)
VALUES('6', '10');
INSERT INTO public.connects
(connector_id, connect_by_id)
VALUES('6', '11');
INSERT INTO public.connects
(connector_id, connect_by_id)
VALUES('6', '12');


INSERT INTO public.connects
(connector_id, connect_by_id)
VALUES('31', '2');
INSERT INTO public.connects
(connector_id, connect_by_id)
VALUES('40', '3');
INSERT INTO public.connects
(connector_id, connect_by_id)
VALUES('25', '4');
INSERT INTO public.connects
(connector_id, connect_by_id)
VALUES('26', '5');
INSERT INTO public.connects
(connector_id, connect_by_id)
VALUES('23', '6');
INSERT INTO public.connects
(connector_id, connect_by_id)
VALUES('26', '7');
INSERT INTO public.connects
(connector_id, connect_by_id)
VALUES('26', '8');
INSERT INTO public.connects
(connector_id, connect_by_id)
VALUES('26', '9');
INSERT INTO public.connects
(connector_id, connect_by_id)
VALUES('26', '10');
INSERT INTO public.connects
(connector_id, connect_by_id)
VALUES('26', '11');
INSERT INTO public.connects
(connector_id, connect_by_id)
VALUES('26', '12');

----------------------------------------------------------------------

-- Likes

INSERT INTO public."like"
(user_id, post_id)
VALUES('1', 'p1');

INSERT INTO public."like"
(user_id, post_id)
VALUES('4', 'p6');

INSERT INTO public."like"
(user_id, post_id)
VALUES('2', 'p1');

INSERT INTO public."like"
(user_id, post_id)
VALUES('3', 'p1');

INSERT INTO public."like"
(user_id, post_id)
VALUES('25', 'p10');

INSERT INTO public."like"
(user_id, post_id)
VALUES('22', 'p3');

INSERT INTO public."like"
(user_id, post_id)
VALUES('40', 'p5');

INSERT INTO public."like"
(user_id, post_id)
VALUES('35', 'p7');

INSERT INTO public."like"
(user_id, post_id)
VALUES('38', 'p8');

-------------------------------------------------------------------------------
--Apply

INSERT INTO public.apply
(emp_id, company_id, job_name, appdate)
VALUES('16', 'C3', 'BACKEND DEVELOPER', '2022-02-01');

INSERT INTO public.apply
(emp_id, company_id, job_name, appdate)
VALUES('17', 'C4', 'FRONTEND DEVELOPER', '2022-02-01');

INSERT INTO public.apply
(emp_id, company_id, job_name, appdate)
VALUES('18', 'C1', 'SOFWARE ENGINEER', '2022-01-25');

INSERT INTO public.apply
(emp_id, company_id, job_name, appdate)
VALUES('20', 'C3', 'BACKEND DEVELOPER', '2022-02-01');

INSERT INTO public.apply
(emp_id, company_id, job_name, appdate)
VALUES('25', 'C3', 'DATA SCIENTIST', '2022-01-01');


-------------------------------------------------------------------------------
--COMPANY_PHONE

INSERT INTO public.company_phone
(company_id, phonen)
VALUES('C1', '02123142530');
INSERT INTO public.company_phone
(company_id, phonen)
VALUES('C1', '02123142531');
INSERT INTO public.company_phone
(company_id, phonen)
VALUES('C2', '02123142520');
INSERT INTO public.company_phone
(company_id, phonen)
VALUES('C2', '02123142330');
INSERT INTO public.company_phone
(company_id, phonen)
VALUES('C6', '22123142530');
INSERT INTO public.company_phone
(company_id, phonen)
VALUES('C10', '22123142530');
INSERT INTO public.company_phone
(company_id, phonen)
VALUES('C3', '02163142530');
INSERT INTO public.company_phone
(company_id, phonen)
VALUES('C7', '02163172530');
INSERT INTO public.company_phone
(company_id, phonen)
VALUES('C9', '22125142530');
INSERT INTO public.company_phone
(company_id, phonen)
VALUES('C11','22124142530');
INSERT INTO public.company_phone
(company_id, phonen)
VALUES('C4', '02023142530');
INSERT INTO public.company_phone
(company_id, phonen)
VALUES('C8', '02103142530');
INSERT INTO public.company_phone
(company_id, phonen)
VALUES('C5', '02169142530');
INSERT INTO public.company_phone
(company_id, phonen)
VALUES('C5', '02168142530');
----------------------------------------------------------------------

--COMMENT 

INSERT INTO public."comment"
(user_id, post_id, "text")
VALUES('38', 'P2', 'Teşekkürler hocam');

INSERT INTO public."comment"
(user_id, post_id, "text")
VALUES('35', 'p2', 'çok iyisiniz hocam.');

---------------------------------------------------------------------

--MESSAGE 



----------------------------------------------------------------------
INSERT INTO public.users --user tablosune kullanıcı ekledik.
(user_id, phone, sex, email, firstname, lastname, age)
VALUES('11', '5353959815', 'M', '11@gmail.com', 'MURAT', 'ÜNALIR', 40);

UPDATE public.users
SET  age=41
WHERE user_id='11';

DELETE FROM public.users
WHERE user_id='11';


INSERT INTO public.company
(company_id, company_name, country, city)
VALUES('c100', 'database aş', 'TR', 'izmir');


UPDATE public.company -- database aş firmasını izmirden istanbula taşıdık.
SET   city='İSTABUL'
WHERE company_id='c100';

DELETE FROM public.company
WHERE company_id='c100';

INSERT INTO public.enroll_course --30 idli ögrenci co7 kodlu dersi alıyor
(course_code, student_id)
VALUES('30', 'co7');


DELETE FROM public.enroll_course --33 id li öğrencinin co13 code lu dersi almasını sildik.
WHERE course_code='co13' AND student_id='33';



